Date,Open,High,Low,Close,Adj Close,Volume,Pos,Neg
2019-01-02,1465.199951,1553.359985,1460.930054,1539.130005,1539.130005,7983100,0.6475409836065574,0.3524590163934426
2019-01-03,1520.01001,1538.0,1497.109985,1500.280029,1500.280029,6975600,0.6358768406961178,0.36412315930388217
2019-01-04,1530.0,1594.0,1518.310059,1575.390015,1575.390015,9182600,0.6222222222222222,0.37777777777777777
2019-01-07,1602.310059,1634.560059,1589.189941,1629.51001,1629.51001,7993200,0.574468085106383,0.425531914893617
2019-01-08,1664.689941,1676.609985,1616.609985,1656.579956,1656.579956,8881400,0.5898058252427184,0.41019417475728154
2019-01-09,1652.97998,1667.800049,1641.400024,1659.420044,1659.420044,6348800,0.6013513513513513,0.39864864864864863
2019-01-10,1641.01001,1663.25,1621.619995,1656.219971,1656.219971,6507700,0.6181606519208381,0.3818393480791618
2019-01-11,1640.550049,1660.290039,1636.219971,1640.560059,1640.560059,4686200,0.6372670807453417,0.3627329192546584
2019-01-14,1615.0,1648.199951,1595.150024,1617.209961,1617.209961,6005900,0.59375,0.40625
2019-01-15,1632.0,1675.160034,1626.01001,1674.560059,1674.560059,5998500,0.6164948453608248,0.3835051546391753
2019-01-16,1684.219971,1705.0,1675.880005,1683.780029,1683.780029,6366900,0.6196236559139785,0.3803763440860215
2019-01-17,1680.0,1700.1700440000002,1677.5,1693.219971,1693.219971,4208900,0.5994962216624685,0.4005037783375315
2019-01-18,1712.0,1716.199951,1691.540039,1696.199951,1696.199951,6020500,0.6133603238866396,0.3866396761133603
2019-01-22,1681.0,1681.869995,1610.199951,1632.170044,1632.170044,6416800,0.5675675675675675,0.43243243243243246
2019-01-23,1656.0,1657.430054,1612.0,1640.02002,1640.02002,5225200,0.5847589424572317,0.4152410575427683
2019-01-24,1641.069946,1657.26001,1631.780029,1654.930054,1654.930054,4089900,0.6211072664359861,0.3788927335640138
2019-01-25,1670.5,1683.47998,1661.609985,1670.569946,1670.569946,4945900,0.5963302752293578,0.4036697247706422
2019-01-28,1643.589966,1645.0,1614.089966,1637.890015,1637.890015,4837700,0.5959367945823928,0.4040632054176072
2019-01-29,1631.27002,1632.380005,1590.719971,1593.880005,1593.880005,4632800,0.5933682373472949,0.40663176265270506
2019-01-30,1623.0,1676.949951,1619.680054,1670.430054,1670.430054,5783800,0.6248012718600954,0.3751987281399046
2019-01-31,1692.8499760000002,1736.410034,1679.0799559999998,1718.72998,1718.72998,10910300,0.59,0.41
2019-02-01,1638.880005,1673.060059,1622.01001,1626.22998,1626.22998,11506200,0.6616989567809239,0.338301043219076
2019-02-04,1623.0,1649.630005,1613.5,1633.310059,1633.310059,4929100,0.6071428571428571,0.39285714285714285
2019-02-05,1643.339966,1665.26001,1642.5,1658.810059,1658.810059,4453100,0.5816023738872403,0.41839762611275966
2019-02-06,1670.75,1672.26001,1633.339966,1640.26001,1640.26001,3939900,0.5805825242718446,0.41941747572815535
2019-02-07,1625.0,1625.540039,1592.910034,1614.369995,1614.369995,4626600,0.6374501992031872,0.36254980079681276
2019-02-08,1586.0,1588.589966,1566.76001,1588.219971,1588.219971,5657500,0.6765015806111696,0.32349841938883034
2019-02-11,1600.97998,1609.290039,1586.0,1591.0,1591.0,3317300,0.596401028277635,0.40359897172236503
2019-02-12,1604.0,1639.400024,1598.880005,1638.01001,1638.01001,4858600,0.6411092985318108,0.35889070146818924
2019-02-13,1647.0,1656.380005,1637.109985,1640.0,1640.0,3560300,0.636,0.364
2019-02-14,1624.5,1637.900024,1606.060059,1622.650024,1622.650024,4120500,0.6219281663516069,0.3780718336483932
2019-02-15,1627.859985,1628.910034,1604.5,1607.949951,1607.949951,4343900,0.6098020735155514,0.3901979264844486
2019-02-19,1601.0,1634.0,1600.560059,1627.579956,1627.579956,3681700,0.6238095238095238,0.3761904761904762
2019-02-20,1630.0,1634.930054,1610.119995,1622.099976,1622.099976,3337600,0.6617647058823529,0.3382352941176471
2019-02-21,1619.849976,1623.560059,1600.910034,1619.439941,1619.439941,3483400,0.6117424242424242,0.38825757575757575
2019-02-22,1623.5,1634.939941,1621.170044,1631.560059,1631.560059,3096200,0.5764462809917356,0.42355371900826444
2019-02-25,1641.449951,1654.599976,1630.390015,1633.0,1633.0,3184500,0.581039755351682,0.41896024464831805
2019-02-26,1625.97998,1639.98999,1616.130005,1636.400024,1636.400024,2665800,0.5656324582338902,0.4343675417661098
2019-02-27,1628.180054,1641.810059,1615.099976,1641.089966,1641.089966,3148800,0.636094674556213,0.363905325443787
2019-02-28,1635.25,1651.77002,1633.829956,1639.829956,1639.829956,3025900,0.6554621848739496,0.3445378151260504
2019-03-01,1655.130005,1674.26001,1651.0,1671.72998,1671.72998,4974900,0.5669642857142857,0.4330357142857143
2019-03-04,1685.0,1709.430054,1674.359985,1696.1700440000002,1696.1700440000002,6167400,0.6721649484536083,0.32783505154639175
2019-03-05,1702.949951,1707.800049,1689.0100100000002,1692.430054,1692.430054,3681500,0.6,0.4
2019-03-06,1695.969971,1697.75,1668.280029,1668.949951,1668.949951,3996000,0.597682119205298,0.402317880794702
2019-03-07,1667.369995,1669.75,1620.51001,1625.949951,1625.949951,4957000,0.6413502109704642,0.35864978902953587
2019-03-08,1604.01001,1622.719971,1586.569946,1620.800049,1620.800049,4667000,0.6332842415316642,0.36671575846833576
2019-03-11,1626.119995,1672.290039,1626.01001,1670.619995,1670.619995,3876400,0.5976095617529881,0.40239043824701193
2019-03-12,1669.0,1684.27002,1660.97998,1673.099976,1673.099976,3614500,0.6084452975047985,0.3915547024952015
2019-03-13,1683.0,1700.0,1679.3499760000002,1690.810059,1690.810059,3552000,0.6311475409836066,0.36885245901639346
2019-03-14,1691.199951,1702.0,1684.339966,1686.219971,1686.219971,2946600,0.6463022508038585,0.3536977491961415
2019-03-15,1703.0,1718.800049,1693.130005,1712.359985,1712.359985,7550900,0.6168639053254438,0.3831360946745562
2019-03-18,1712.699951,1750.0,1712.630005,1742.1500239999998,1742.1500239999998,5429100,0.6710526315789473,0.32894736842105265
2019-03-19,1753.5100100000002,1784.160034,1753.5100100000002,1761.8499760000002,1761.8499760000002,6364200,0.60450563204005,0.3954943679599499
2019-03-20,1769.939941,1799.5,1767.030029,1797.27002,1797.27002,6265600,0.6120058565153733,0.38799414348462663
2019-03-21,1796.2600100000002,1823.75,1787.280029,1819.2600100000002,1819.2600100000002,5767800,0.6634615384615384,0.33653846153846156
2019-03-22,1810.1700440000002,1818.97998,1763.109985,1764.77002,1764.77002,6363000,0.5956521739130435,0.4043478260869565
2019-03-25,1757.790039,1782.680054,1747.5,1774.2600100000002,1774.2600100000002,5103800,0.6055045871559633,0.3944954128440367
2019-03-26,1793.0,1805.77002,1773.359985,1783.7600100000002,1783.7600100000002,4865900,0.6216814159292036,0.37831858407079644
2019-03-27,1784.130005,1787.5,1745.680054,1765.699951,1765.699951,4324800,0.6043613707165109,0.3956386292834891
2019-03-28,1770.0,1777.930054,1753.469971,1773.4200440000002,1773.4200440000002,3043000,0.6140089418777943,0.3859910581222057
2019-03-29,1786.5799559999998,1792.859985,1776.630005,1780.75,1780.75,3320800,0.6480891719745223,0.3519108280254777
2019-04-01,1800.109985,1815.6700440000002,1798.72998,1814.189941,1814.189941,4238800,0.59958071278826,0.40041928721174
2019-04-02,1811.02002,1820.0,1805.119995,1813.97998,1813.97998,3448100,0.6548672566371682,0.34513274336283184
2019-04-03,1826.719971,1830.0,1809.619995,1820.699951,1820.699951,3926100,0.625,0.375
2019-04-04,1820.6500239999998,1828.75,1804.199951,1818.859985,1818.859985,3623900,0.6283687943262412,0.37163120567375885
2019-04-05,1829.0,1838.5799559999998,1825.189941,1837.280029,1837.280029,3640500,0.6334080717488789,0.3665919282511211
2019-04-08,1833.22998,1850.199951,1825.109985,1849.859985,1849.859985,3752800,0.5673076923076923,0.4326923076923077
2019-04-09,1845.4899899999998,1853.089966,1831.780029,1835.839966,1835.839966,3714400,0.6458333333333334,0.3541666666666667
2019-04-10,1841.0,1848.0,1828.810059,1847.3299559999998,1847.3299559999998,2964000,0.5872193436960277,0.41278065630397237
2019-04-11,1848.699951,1849.949951,1840.310059,1844.069946,1844.069946,2654800,0.615931721194879,0.3840682788051209
2019-04-12,1848.4000239999998,1851.5,1841.300049,1843.060059,1843.060059,3114400,0.651017214397496,0.3489827856025039
2019-04-15,1842.0,1846.8499760000002,1818.9000239999998,1844.869995,1844.869995,3724400,0.652452025586354,0.34754797441364604
2019-04-16,1851.3499760000002,1869.77002,1848.0,1863.040039,1863.040039,3044600,0.6639209225700164,0.33607907742998355
2019-04-17,1872.9899899999998,1876.469971,1860.439941,1864.819946,1864.819946,2893500,0.6346153846153846,0.36538461538461536
2019-04-18,1868.790039,1870.819946,1859.47998,1861.689941,1861.689941,2749900,0.5954063604240283,0.4045936395759717
2019-04-22,1855.4000239999998,1888.4200440000002,1845.640015,1887.310059,1887.310059,3373800,0.6161616161616161,0.3838383838383838
2019-04-23,1891.199951,1929.2600100000002,1889.5799559999998,1923.77002,1923.77002,4640400,0.5946372239747634,0.40536277602523657
2019-04-24,1925.0,1929.689941,1898.160034,1901.75,1901.75,3675800,0.5688259109311741,0.4311740890688259
2019-04-25,1917.0,1922.449951,1900.310059,1902.25,1902.25,6099100,0.5773195876288659,0.422680412371134
2019-04-26,1929.0,1951.0,1898.0,1950.630005,1950.630005,8432600,0.5691056910569106,0.43089430894308944
2019-04-29,1949.0,1956.339966,1934.089966,1938.430054,1938.430054,4021300,0.5925925925925926,0.4074074074074074
2019-04-30,1930.0999760000002,1935.709961,1906.949951,1926.52002,1926.52002,3506000,0.5628058727569332,0.4371941272430669
2019-05-01,1933.089966,1943.640015,1910.550049,1911.52002,1911.52002,3117000,0.596885813148789,0.4031141868512111
2019-05-02,1913.3299559999998,1921.550049,1881.869995,1900.819946,1900.819946,3962900,0.5511450381679389,0.4488549618320611
2019-05-03,1949.0,1964.4000239999998,1936.0,1962.459961,1962.459961,6381600,0.6177703269069572,0.38222967309304273
2019-05-06,1917.97998,1959.0,1910.5,1950.550049,1950.550049,5417800,0.5818476499189628,0.4181523500810373
2019-05-07,1939.9899899999998,1949.0999760000002,1903.380005,1921.0,1921.0,5902100,0.6069651741293532,0.39303482587064675
2019-05-08,1918.869995,1935.369995,1910.0,1917.77002,1917.77002,4078600,0.6202346041055719,0.37976539589442815
2019-05-09,1900.0,1909.4000239999998,1876.0,1899.869995,1899.869995,5308300,0.6141975308641975,0.38580246913580246
2019-05-10,1898.0,1903.790039,1856.0,1889.97998,1889.97998,5718000,0.6662068965517242,0.33379310344827584
2019-05-13,1836.560059,1846.540039,1818.0,1822.680054,1822.680054,5783400,0.5813953488372093,0.4186046511627907
2019-05-14,1839.5,1852.439941,1815.75,1840.119995,1840.119995,4629100,0.6037735849056604,0.39622641509433965
2019-05-15,1827.949951,1874.430054,1823.0,1871.1500239999998,1871.1500239999998,4692600,0.6212338593974175,0.3787661406025825
2019-05-16,1885.939941,1917.5100100000002,1882.290039,1907.569946,1907.569946,4707800,0.6477777777777778,0.3522222222222222
2019-05-17,1893.050049,1910.530029,1867.3299559999998,1869.0,1869.0,4736600,0.6211072664359861,0.3788927335640138
2019-05-20,1852.689941,1867.780029,1835.540039,1858.969971,1858.969971,3798200,0.6,0.4
2019-05-21,1874.790039,1879.0,1846.0,1857.52002,1857.52002,4005100,0.6056338028169014,0.39436619718309857
2019-05-22,1851.780029,1871.4899899999998,1851.0,1859.680054,1859.680054,2936600,0.5741758241758241,0.4258241758241758
2019-05-23,1836.589966,1844.0,1804.199951,1815.47998,1815.47998,4424300,0.5668103448275862,0.4331896551724138
2019-05-24,1835.890015,1841.7600100000002,1817.8499760000002,1823.280029,1823.280029,3369700,0.6207951070336392,0.37920489296636084
2019-05-28,1832.75,1849.27002,1827.3499760000002,1836.430054,1836.430054,3200000,0.63,0.37
2019-05-29,1823.119995,1830.0,1807.530029,1819.189941,1819.189941,4279000,0.6116700201207244,0.38832997987927564
2019-05-30,1825.4899899999998,1829.469971,1807.8299559999998,1816.319946,1816.319946,3146900,0.6195652173913043,0.3804347826086957
2019-05-31,1790.0100100000002,1795.589966,1772.699951,1775.069946,1775.069946,4618800,0.6157718120805369,0.38422818791946306
2019-06-03,1760.0100100000002,1766.290039,1672.0,1692.689941,1692.689941,9098700,0.55,0.45
2019-06-04,1699.2399899999998,1730.819946,1680.890015,1729.560059,1729.560059,5679100,0.6148300720906282,0.38516992790937177
2019-06-05,1749.5999760000002,1752.0,1715.25,1738.5,1738.5,4239800,0.6053130929791272,0.3946869070208729
2019-06-06,1737.709961,1760.0,1726.130005,1754.359985,1754.359985,3689300,0.6048034934497817,0.3951965065502183
2019-06-07,1763.699951,1806.25,1759.4899899999998,1804.030029,1804.030029,4808200,0.6260869565217392,0.3739130434782609
2019-06-10,1822.0,1884.869995,1818.0,1860.630005,1860.630005,5371000,0.6487695749440716,0.3512304250559284
2019-06-11,1883.25,1893.699951,1858.0,1863.699951,1863.699951,4042700,0.6551724137931034,0.3448275862068966
2019-06-12,1853.97998,1865.0,1844.380005,1855.319946,1855.319946,2678300,0.5798525798525799,0.4201474201474201
2019-06-13,1866.719971,1883.089966,1862.219971,1870.300049,1870.300049,2795800,0.6273684210526316,0.3726315789473684
2019-06-14,1864.0,1876.0,1859.0,1869.6700440000002,1869.6700440000002,2851200,0.5603015075376885,0.4396984924623116
2019-06-17,1876.5,1895.689941,1875.449951,1886.030029,1886.030029,2634300,0.5919003115264797,0.40809968847352024
2019-06-18,1901.3499760000002,1921.6700440000002,1899.790039,1901.369995,1901.369995,3895700,0.6164948453608248,0.3835051546391753
2019-06-19,1907.839966,1919.5799559999998,1892.469971,1908.790039,1908.790039,2895300,0.5886075949367089,0.41139240506329117
2019-06-20,1933.3299559999998,1935.199951,1905.800049,1918.189941,1918.189941,3217200,0.4981132075471698,0.5018867924528302
2019-06-21,1916.0999760000002,1925.949951,1907.5799559999998,1911.300049,1911.300049,3933600,0.5786026200873362,0.42139737991266374
2019-06-24,1912.660034,1916.859985,1901.300049,1913.9000239999998,1913.9000239999998,2283000,0.5288461538461539,0.47115384615384615
2019-06-25,1911.839966,1916.390015,1872.4200440000002,1878.27002,1878.27002,3012300,0.5814889336016097,0.41851106639839036
2019-06-26,1892.47998,1903.800049,1887.319946,1897.8299559999998,1897.8299559999998,2441900,0.6034063260340633,0.39659367396593675
2019-06-27,1902.0,1911.2399899999998,1898.040039,1904.280029,1904.280029,2141700,0.620137299771167,0.37986270022883295
2019-06-28,1909.0999760000002,1912.939941,1884.0,1893.630005,1893.630005,3037400,0.6226993865030674,0.3773006134969325
2019-07-01,1922.97998,1929.819946,1914.660034,1922.189941,1922.189941,3192100,0.6192170818505338,0.3807829181494662
2019-07-02,1919.380005,1934.790039,1906.630005,1934.310059,1934.310059,2645900,0.5710594315245479,0.4289405684754522
2019-07-03,1935.890015,1941.589966,1930.5,1939.0,1939.0,1690300,0.6024340770791075,0.3975659229208925
2019-07-05,1928.5999760000002,1945.9000239999998,1925.300049,1942.910034,1942.910034,2628400,0.5510204081632653,0.4489795918367347
2019-07-08,1934.119995,1956.0,1928.25,1952.319946,1952.319946,2883400,0.6493506493506493,0.35064935064935066
2019-07-09,1947.800049,1990.0100100000002,1943.47998,1988.300049,1988.300049,4345700,0.6219931271477663,0.37800687285223367
2019-07-10,1996.5100100000002,2024.939941,1995.4000239999998,2017.410034,2017.410034,4931900,0.6200716845878136,0.37992831541218636
2019-07-11,2025.619995,2035.800049,1995.300049,2001.069946,2001.069946,4317800,0.6653279785809906,0.33467202141900937
2019-07-12,2008.27002,2017.0,2003.869995,2011.0,2011.0,2509300,0.6429780033840947,0.3570219966159052
2019-07-15,2021.4000239999998,2022.9000239999998,2001.550049,2020.9899899999998,2020.9899899999998,2981300,0.6018518518518519,0.39814814814814814
2019-07-16,2010.5799559999998,2026.319946,2001.219971,2009.9000239999998,2009.9000239999998,2618200,0.5423728813559322,0.4576271186440678
2019-07-17,2007.050049,2012.0,1992.030029,1992.030029,1992.030029,2558800,0.5831202046035806,0.41687979539641945
2019-07-18,1980.0100100000002,1987.5,1951.550049,1977.9000239999998,1977.9000239999998,3486900,0.5873873873873874,0.4126126126126126
2019-07-19,1991.209961,1996.0,1962.22998,1964.52002,1964.52002,3185600,0.6566901408450704,0.34330985915492956
2019-07-22,1971.140015,1989.0,1958.2600100000002,1985.630005,1985.630005,2900000,0.5820433436532507,0.4179566563467492
2019-07-23,1995.9899899999998,1997.790039,1973.130005,1994.4899899999998,1994.4899899999998,2703500,0.5766129032258065,0.42338709677419356
2019-07-24,1969.300049,2001.300049,1965.869995,2000.810059,2000.810059,2631300,0.5862068965517241,0.41379310344827586
2019-07-25,2001.0,2001.199951,1972.719971,1973.819946,1973.819946,4136500,0.5996533795493935,0.4003466204506066
2019-07-26,1942.0,1950.9000239999998,1924.5100100000002,1943.050049,1943.050049,4927100,0.6232558139534884,0.3767441860465116
2019-07-29,1930.0,1932.22998,1890.540039,1912.449951,1912.449951,4493200,0.6776859504132231,0.32231404958677684
2019-07-30,1891.119995,1909.890015,1883.47998,1898.530029,1898.530029,2910900,0.6272727272727273,0.37272727272727274
2019-07-31,1898.109985,1899.550049,1849.439941,1866.780029,1866.780029,4470700,0.6139954853273137,0.3860045146726862
2019-08-01,1871.719971,1897.9200440000002,1844.0100100000002,1855.319946,1855.319946,4713300,0.6431095406360424,0.3568904593639576
2019-08-02,1845.069946,1846.359985,1808.02002,1823.2399899999998,1823.2399899999998,4956200,0.6428571428571429,0.35714285714285715
2019-08-05,1770.219971,1788.6700440000002,1748.780029,1765.130005,1765.130005,6058200,0.5722713864306784,0.4277286135693215
2019-08-06,1792.22998,1793.77002,1753.4000239999998,1787.8299559999998,1787.8299559999998,5070300,0.6432432432432432,0.3567567567567568
2019-08-07,1773.9899899999998,1798.930054,1757.0,1793.4000239999998,1793.4000239999998,4526900,0.6613861386138614,0.33861386138613864
2019-08-08,1806.0,1834.2600100000002,1798.109985,1832.890015,1832.890015,3701200,0.5835140997830802,0.4164859002169197
2019-08-09,1828.949951,1831.089966,1802.219971,1807.5799559999998,1807.5799559999998,2879800,0.5852417302798982,0.41475826972010177
2019-08-12,1795.9899899999998,1800.97998,1777.0,1784.9200440000002,1784.9200440000002,2905500,0.6296296296296297,0.37037037037037035
2019-08-13,1783.0,1831.7399899999998,1780.0,1824.339966,1824.339966,3994000,0.624390243902439,0.375609756097561
2019-08-14,1793.0100100000002,1795.6500239999998,1757.219971,1762.959961,1762.959961,4893600,0.6171284634760705,0.38287153652392947
2019-08-15,1781.9899899999998,1788.0,1761.959961,1776.119995,1776.119995,3759100,0.575984990619137,0.42401500938086306
2019-08-16,1792.890015,1802.910034,1784.550049,1792.569946,1792.569946,3018000,0.5817120622568094,0.4182879377431907
2019-08-19,1818.0799559999998,1826.0,1812.609985,1816.119995,1816.119995,2816300,0.5560439560439561,0.44395604395604393
2019-08-20,1814.5,1816.819946,1799.880005,1801.380005,1801.380005,1929500,0.6044624746450304,0.39553752535496955
2019-08-21,1819.390015,1829.5799559999998,1815.0,1823.540039,1823.540039,2031800,0.601418439716312,0.39858156028368796
2019-08-22,1828.0,1829.410034,1800.0999760000002,1804.660034,1804.660034,2653500,0.582258064516129,0.41774193548387095
2019-08-23,1793.030029,1804.9000239999998,1745.22998,1749.619995,1749.619995,5270800,0.5993690851735016,0.40063091482649843
2019-08-26,1766.910034,1770.0,1743.5100100000002,1768.869995,1768.869995,3080000,0.5953757225433526,0.4046242774566474
2019-08-27,1775.72998,1779.4000239999998,1746.680054,1761.8299559999998,1761.8299559999998,3019700,0.603082851637765,0.3969171483622351
2019-08-28,1755.0,1767.859985,1744.050049,1764.25,1764.25,2419700,0.6404320987654321,0.3595679012345679
2019-08-29,1783.0,1798.550049,1777.25,1786.4000239999998,1786.4000239999998,3015100,0.5767284991568297,0.42327150084317033
2019-08-30,1797.4899899999998,1799.7399899999998,1764.569946,1776.290039,1776.290039,3058700,0.62882096069869,0.37117903930131
2019-09-03,1770.0,1800.800049,1768.0,1789.839966,1789.839966,3543000,0.6184448462929476,0.38155515370705245
2019-09-04,1805.0,1807.630005,1796.22998,1800.619995,1800.619995,2324100,0.6020260492040521,0.3979739507959479
2019-09-05,1821.949951,1842.0,1815.5799559999998,1840.719971,1840.719971,3310800,0.6284246575342466,0.3715753424657534
2019-09-06,1838.219971,1840.6500239999998,1826.4000239999998,1833.5100100000002,1833.5100100000002,2496900,0.5892857142857143,0.4107142857142857
2019-09-09,1841.0,1850.0,1824.609985,1831.3499760000002,1831.3499760000002,2999500,0.6268656716417911,0.373134328358209
2019-09-10,1822.75,1825.810059,1805.339966,1820.550049,1820.550049,2613900,0.6210762331838565,0.3789237668161435
2019-09-11,1812.140015,1833.4200440000002,1809.0799559999998,1822.9899899999998,1822.9899899999998,2432800,0.5538847117794486,0.44611528822055135
2019-09-12,1837.630005,1853.660034,1834.280029,1843.550049,1843.550049,2823500,0.6621315192743764,0.3378684807256236
2019-09-13,1842.0100100000002,1846.119995,1835.1700440000002,1839.339966,1839.339966,1971300,0.6094182825484764,0.39058171745152354
2019-09-16,1824.02002,1825.689941,1800.199951,1807.839966,1807.839966,3675500,0.5993265993265994,0.4006734006734007
2019-09-17,1807.0799559999998,1823.9899899999998,1804.0999760000002,1822.550049,1822.550049,1982400,0.6053333333333333,0.39466666666666667
2019-09-18,1817.040039,1822.060059,1795.5,1817.459961,1817.459961,2505600,0.6153846153846154,0.38461538461538464
2019-09-19,1821.02002,1832.569946,1817.9000239999998,1821.5,1821.5,2031500,0.62,0.38
2019-09-20,1821.709961,1830.630005,1780.9200440000002,1794.160034,1794.160034,5341900,0.6139088729016786,0.38609112709832133
2019-09-23,1777.0,1792.699951,1767.319946,1785.300049,1785.300049,2922300,0.6054216867469879,0.39457831325301207
2019-09-24,1790.609985,1795.709961,1735.550049,1741.609985,1741.609985,4616000,0.6060606060606061,0.3939393939393939
2019-09-25,1747.359985,1773.0,1723.0,1768.3299559999998,1768.3299559999998,3493200,0.6778947368421052,0.32210526315789473
2019-09-26,1762.790039,1763.369995,1731.5,1739.839966,1739.839966,3536800,0.6419753086419753,0.35802469135802467
2019-09-27,1748.0,1749.119995,1713.819946,1725.449951,1725.449951,3907200,0.652267818574514,0.34773218142548595
2019-09-30,1726.9899899999998,1737.459961,1709.219971,1735.910034,1735.910034,2644700,0.6321070234113713,0.36789297658862874
2019-10-01,1746.0,1755.5999760000002,1728.410034,1735.6500239999998,1735.6500239999998,3084500,0.6007194244604317,0.39928057553956836
2019-10-02,1727.7399899999998,1728.890015,1705.0,1713.22998,1713.22998,3301100,0.6170731707317073,0.3829268292682927
2019-10-03,1713.0,1725.0,1685.060059,1724.4200440000002,1724.4200440000002,3468200,0.5770491803278689,0.42295081967213116
2019-10-04,1726.02002,1740.5799559999998,1719.22998,1739.6500239999998,1739.6500239999998,2471900,0.5686746987951807,0.43132530120481927
2019-10-07,1731.630005,1747.8299559999998,1723.699951,1732.660034,1732.660034,2154700,0.5377358490566038,0.46226415094339623
2019-10-08,1722.4899899999998,1727.0,1705.0,1705.5100100000002,1705.5100100000002,2542000,0.5965909090909091,0.4034090909090909
2019-10-09,1719.609985,1729.949951,1714.359985,1721.9899899999998,1721.9899899999998,2043500,0.5965909090909091,0.4034090909090909
2019-10-10,1725.2399899999998,1738.290039,1713.75,1720.2600100000002,1720.2600100000002,2575200,0.6287425149700598,0.3712574850299401
2019-10-11,1742.9200440000002,1745.449951,1729.859985,1731.9200440000002,1731.9200440000002,3255000,0.6441860465116279,0.3558139534883721
2019-10-14,1728.910034,1741.890015,1722.0,1736.430054,1736.430054,1910200,0.47183098591549294,0.528169014084507
2019-10-15,1742.140015,1776.449951,1740.619995,1767.380005,1767.380005,3111700,0.5746835443037974,0.4253164556962025
2019-10-16,1773.3299559999998,1786.2399899999998,1770.52002,1777.430054,1777.430054,2763400,0.5912863070539419,0.4087136929460581
2019-10-17,1796.4899899999998,1798.8499760000002,1782.02002,1787.47998,1787.47998,2647400,0.5783410138248848,0.4216589861751152
2019-10-18,1787.800049,1793.97998,1749.199951,1757.5100100000002,1757.5100100000002,3362500,0.5487804878048781,0.45121951219512196
2019-10-21,1769.660034,1785.880005,1765.0,1785.660034,1785.660034,2130400,0.6414473684210527,0.35855263157894735
2019-10-22,1788.1500239999998,1789.780029,1762.0,1765.72998,1765.72998,2111700,0.5691699604743083,0.4308300395256917
2019-10-23,1761.300049,1770.050049,1742.0,1762.1700440000002,1762.1700440000002,2138200,0.539440203562341,0.46055979643765904
2019-10-24,1771.089966,1788.339966,1760.27002,1780.780029,1780.780029,4446100,0.584873949579832,0.4151260504201681
2019-10-25,1697.550049,1764.209961,1695.0,1761.3299559999998,1761.3299559999998,9626400,0.6710580485796624,0.3289419514203376
2019-10-28,1748.060059,1778.699951,1742.5,1777.0799559999998,1777.0799559999998,3708900,0.6093366093366094,0.3906633906633907
2019-10-29,1774.810059,1777.0,1755.810059,1762.709961,1762.709961,2276900,0.6077348066298343,0.39226519337016574
2019-10-30,1760.2399899999998,1782.380005,1759.119995,1779.9899899999998,1779.9899899999998,2449400,0.625974025974026,0.37402597402597404
2019-10-31,1775.9899899999998,1792.0,1771.47998,1776.660034,1776.660034,2781200,0.5835694050991501,0.4164305949008499
2019-11-01,1788.0100100000002,1797.449951,1785.209961,1791.439941,1791.439941,2790400,0.6012084592145015,0.3987915407854985
2019-11-04,1801.0100100000002,1815.060059,1801.0100100000002,1804.660034,1804.660034,2771900,0.6557377049180327,0.3442622950819672
2019-11-05,1809.160034,1810.25,1794.0,1801.709961,1801.709961,1885500,0.65,0.35
2019-11-06,1801.0,1802.5,1788.5799559999998,1795.77002,1795.77002,2029800,0.5696594427244582,0.43034055727554177
2019-11-07,1803.7600100000002,1805.9000239999998,1783.47998,1788.199951,1788.199951,2651100,0.5718562874251497,0.4281437125748503
2019-11-08,1787.890015,1789.880005,1774.040039,1785.880005,1785.880005,2123300,0.6021505376344086,0.3978494623655914
2019-11-11,1778.0,1780.0,1767.130005,1771.6500239999998,1771.6500239999998,1946000,0.5876777251184834,0.41232227488151657
2019-11-12,1774.660034,1786.219971,1771.910034,1778.0,1778.0,2037600,0.5487179487179488,0.4512820512820513
2019-11-13,1773.390015,1775.0,1747.319946,1753.109985,1753.109985,2989500,0.5460992907801419,0.45390070921985815
2019-11-14,1751.430054,1766.589966,1749.560059,1754.5999760000002,1754.5999760000002,2264800,0.6181818181818182,0.38181818181818183
2019-11-15,1760.050049,1761.680054,1732.859985,1739.4899899999998,1739.4899899999998,3927600,0.5557851239669421,0.44421487603305787
2019-11-18,1738.300049,1753.699951,1722.709961,1752.530029,1752.530029,2839500,0.6275862068965518,0.3724137931034483
2019-11-19,1756.9899899999998,1760.680054,1743.030029,1752.790039,1752.790039,2270800,0.603411513859275,0.39658848614072495
2019-11-20,1749.140015,1762.52002,1734.119995,1745.530029,1745.530029,2790000,0.5685071574642127,0.43149284253578735
2019-11-21,1743.0,1746.869995,1730.359985,1734.709961,1734.709961,2662900,0.5411140583554377,0.4588859416445623
2019-11-22,1739.02002,1746.430054,1731.0,1745.719971,1745.719971,2479100,0.6321070234113713,0.36789297658862874
2019-11-25,1753.25,1777.4200440000002,1753.2399899999998,1773.839966,1773.839966,3486200,0.5843373493975904,0.41566265060240964
2019-11-26,1779.9200440000002,1797.030029,1778.3499760000002,1796.939941,1796.939941,3181200,0.5849056603773585,0.41509433962264153
2019-11-27,1801.0,1824.5,1797.310059,1818.5100100000002,1818.5100100000002,3025600,0.664,0.336
2019-11-29,1817.780029,1824.689941,1800.790039,1800.800049,1800.800049,1923400,0.6017699115044248,0.39823008849557523
2019-12-02,1804.4000239999998,1805.550049,1762.680054,1781.5999760000002,1781.5999760000002,3925600,0.5830985915492958,0.4169014084507042
2019-12-03,1760.0,1772.869995,1747.22998,1769.959961,1769.959961,3380900,0.5849387040280211,0.415061295971979
2019-12-04,1774.0100100000002,1789.089966,1760.219971,1760.689941,1760.689941,2670100,0.6602254428341385,0.3397745571658615
2019-12-05,1763.5,1763.5,1740.0,1740.47998,1740.47998,2823800,0.649706457925636,0.350293542074364
2019-12-06,1751.199951,1754.4000239999998,1740.130005,1751.5999760000002,1751.5999760000002,3117400,0.6386363636363637,0.3613636363636364
2019-12-09,1750.660034,1766.890015,1745.609985,1749.5100100000002,1749.5100100000002,2442800,0.5598705501618123,0.4401294498381877
2019-12-10,1747.4000239999998,1750.6700440000002,1735.0,1739.209961,1739.209961,2514300,0.5672131147540984,0.43278688524590164
2019-12-11,1741.6700440000002,1750.0,1735.709961,1748.719971,1748.719971,2097600,0.653179190751445,0.3468208092485549
2019-12-12,1750.0,1764.0,1745.439941,1760.3299559999998,1760.3299559999998,3095900,0.6063157894736843,0.3936842105263158
2019-12-13,1765.0,1768.9899899999998,1755.0,1760.939941,1760.939941,2745700,0.5823389021479713,0.41766109785202865
2019-12-16,1767.0,1769.5,1757.050049,1769.209961,1769.209961,3145200,0.6050955414012739,0.39490445859872614
2019-12-17,1778.0100100000002,1792.0,1777.390015,1790.660034,1790.660034,3644400,0.6436420722135008,0.3563579277864992
2019-12-18,1795.02002,1798.199951,1782.359985,1784.030029,1784.030029,3351400,0.6567164179104478,0.34328358208955223
2019-12-19,1780.5,1792.9899899999998,1774.060059,1792.280029,1792.280029,2652800,0.6264822134387352,0.37351778656126483
2019-12-20,1799.619995,1802.969971,1782.449951,1786.5,1786.5,5150800,0.6284501061571125,0.37154989384288745
2019-12-23,1788.2600100000002,1793.0,1784.5100100000002,1793.0,1793.0,2136400,0.6008771929824561,0.3991228070175439
2019-12-24,1793.810059,1795.569946,1787.5799559999998,1789.209961,1789.209961,881300,0.6189024390243902,0.38109756097560976
2019-12-26,1801.0100100000002,1870.459961,1799.5,1868.77002,1868.77002,6005400,0.6666666666666666,0.3333333333333333
2019-12-27,1882.9200440000002,1901.4000239999998,1866.0100100000002,1869.800049,1869.800049,6186600,0.6623876765083441,0.337612323491656
2019-12-30,1874.0,1884.0,1840.619995,1846.890015,1846.890015,3674700,0.6231454005934718,0.3768545994065282
2019-12-31,1842.0,1853.2600100000002,1832.22998,1847.839966,1847.839966,2506500,0.6904761904761905,0.30952380952380953
